run_id,train_year,test_year,accuracy,precision_delay,recall_delay,f1_delay
02_rf_rolling_sampled,2022,2023,0.654899608181324,0.3212284913965586,0.5703374777975133,0.41098169717138106
