{
  "0": {
    "precision": 0.8765116638047489,
    "recall": 0.7235825387054855,
    "f1-score": 0.7927389948739629,
    "support": 2778030.0
  },
  "1": {
    "precision": 0.37374528206483265,
    "recall": 0.6180591145229245,
    "f1-score": 0.46581095805753875,
    "support": 741476.0
  },
  "accuracy": 0.7013512691838002,
  "macro avg": {
    "precision": 0.6251284729347908,
    "recall": 0.6708208266142051,
    "f1-score": 0.6292749764657508,
    "support": 3519506.0
  },
  "weighted avg": {
    "precision": 0.7705907744336308,
    "recall": 0.7013512691838002,
    "f1-score": 0.7238630523335908,
    "support": 3519506.0
  }
}