{
  "run_id": "20260422_214153",
  "train_year": 2022,
  "test_year": 2023,
  "accuracy": 0.7013512691838002,
  "precision_delay": 0.37374528206483265,
  "recall_delay": 0.6180591145229245,
  "f1_delay": 0.46581095805753875
}