run_id,train_year,test_year,accuracy,precision_delay,recall_delay,f1_delay
20260422_214153,2022,2023,0.7013512691838002,0.37374528206483265,0.6180591145229245,0.46581095805753875
