{
  "0": {
    "precision": 0.8770260022167434,
    "recall": 0.7197726446438664,
    "f1-score": 0.7906561372381821,
    "support": 2778030.0
  },
  "1": {
    "precision": 0.37198336540051713,
    "recall": 0.621874477393739,
    "f1-score": 0.4655131770298845,
    "support": 741476.0
  },
  "accuracy": 0.699147834951837,
  "macro avg": {
    "precision": 0.6245046838086303,
    "recall": 0.6708235610188027,
    "f1-score": 0.6280846571340333,
    "support": 3519506.0
  },
  "weighted avg": {
    "precision": 0.7706255601729031,
    "recall": 0.699147834951837,
    "f1-score": 0.7221562677782613,
    "support": 3519506.0
  }
}