run_id,train_year,test_year,accuracy,precision_delay,recall_delay,f1_delay
01_rf_flight_weather,2022,2023,0.6371084156652481,0.30932981679461213,0.583303730017762,0.40427168928692336
