{
  "0": {
    "precision": 0.8769120050049108,
    "recall": 0.7215206459253499,
    "f1-score": 0.7916631531551991,
    "support": 2778030.0
  },
  "1": {
    "precision": 0.3729496470519578,
    "recall": 0.6205554866239771,
    "f1-score": 0.46589784364024994,
    "support": 741476.0
  },
  "accuracy": 0.7002496941332107,
  "macro avg": {
    "precision": 0.6249308260284343,
    "recall": 0.6710380662746636,
    "f1-score": 0.6287804983977245,
    "support": 3519506.0
  },
  "weighted avg": {
    "precision": 0.7707391519608973,
    "recall": 0.7002496941332107,
    "f1-score": 0.7230321695347971,
    "support": 3519506.0
  }
}